ref_ID,Country,Ref,PubDate,Continent,MPA_name,MPA_size,MPA_size_cat,MPA_age,MPA_age_cat_2,MPA_age_cat,Multiple_Zones,MPA_ntake_01,MPA_notake,Ecosystem,Eco_simple,Study_design,Study_design_2,Stake_simple,Stakeholder,CPUE,Catch,Income
1,Philippines,"Abesamis R.A., Alcala A.C., Russ G.R. (2006) How much does the fishery at Apo Island benefit from spillover of adult fish from the adjacent marine reserve? Fishery Bulletin 104, 360-375.",2006,Asia,Apo Island Marine Reserve,274.7,Large,22,>10 years,Old,N,Y,1,tropical - coral reef,Tropical,D,BACI,Fisheries,Afisheries,Increase,,Increase
1,Philippines,"Abesamis R.A., Alcala A.C., Russ G.R. (2006) How much does the fishery at Apo Island benefit from spillover of adult fish from the adjacent marine reserve? Fishery Bulletin 104, 360-375.",2006,Asia,Apo Island Marine Reserve,274.7,Large,22,>10 years,Old,N,Y,1,tropical - coral reef,Tropical,D,BACI,Fisheries,Afisheries,Increase,,Increase
1,Philippines,"Abesamis R.A., Alcala A.C., Russ G.R. (2006) How much does the fishery at Apo Island benefit from spillover of adult fish from the adjacent marine reserve? Fishery Bulletin 104, 360-375.",2006,Asia,Apo Island Marine Reserve,274.7,Large,22,>10 years,Old,N,Y,1,tropical - coral reef,Tropical,D,BACI,Fisheries,Afisheries,Increase,,Increase
2,Philippines,"Alcala A.C. (1988) Effects of marine reserves on coral fish abundances and yields of Philippine coral reefs. Ambio 17, 194-199.",1988,Asia,Sumilon Reserve,0.398,Small,10,>10 years,Medium,N,Y,1,tropical - coral reef,Tropical,BA,BACI,Fisheries,Afisheries,Increase,Increase,
2,Philippines,"Alcala A.C. (1988) Effects of marine reserves on coral fish abundances and yields of Philippine coral reefs. Ambio 17, 194-199.",1988,Asia,Sumilon Reserve,0.398,Small,10,>10 years,Medium,N,Y,1,tropical - coral reef,Tropical,BA,BACI,Fisheries,Afisheries,Increase,Increase,
2,Philippines,"Alcala A.C. (1988) Effects of marine reserves on coral fish abundances and yields of Philippine coral reefs. Ambio 17, 194-199.",1988,Asia,Sumilon Reserve,0.398,Small,10,>10 years,Medium,N,Y,1,tropical - coral reef,Tropical,BA,BACI,Fisheries,Afisheries,Increase,Increase,
3,Philippines,"Alcala A.C., Russ G.R., Maya A.P., Calumpong H.P. (2005) A long-term, spatially replicated experimental test of the effect of marine reserves on local fish yields. Canadian Journal of Fisheries and Aquatic Sciences 62, 98-108.",2005,Asia,Apo Island Marine Reserve,274.7,Large,24,>10 years,Old,N,Y,1,tropical - coral reef,Tropical,BA,BACI,Fisheries,Afisheries,,Increase,
3,Philippines,"Alcala A.C., Russ G.R., Maya A.P., Calumpong H.P. (2005) A long-term, spatially replicated experimental test of the effect of marine reserves on local fish yields. Canadian Journal of Fisheries and Aquatic Sciences 62, 98-108.",2005,Asia,Sumilon Reserve,0.398,Small,17,>10 years,Old,Y,N,0,tropical - coral reef,Tropical,BA,BACI,Fisheries,Afisheries,,Increase,
4,Philippines,"Allegretti A.M., Vaske J.J., Cottrell S. (2012) Predicting Stakeholder Support for Fishery Policies. Coastal Management 40, 20.",2012,Asia,Multiple,,,,,,Y,N,0,tropical - coral reef,Tropical,P,Perception,Fisheries,Afisheries,,Increase,
4,Philippines,"Allegretti A.M., Vaske J.J., Cottrell S. (2012) Predicting Stakeholder Support for Fishery Policies. Coastal Management 40, 20.",2012,Asia,Multiple,,,,,,Y,N,0,tropical - coral reef,Tropical,P,Perception,Fisheries,Afisheries,,Increase,
4,Philippines,"Allegretti A.M., Vaske J.J., Cottrell S. (2012) Predicting Stakeholder Support for Fishery Policies. Coastal Management 40, 20.",2012,Asia,Multiple,,,,,,Y,N,0,tropical - coral reef,Tropical,P,Perception,Fisheries,Afisheries,,Increase,
6,Solomon Islands,"Aswani S., Furusawa T. (2007) Do marine protected areas affect human nutrition and health? A comparison between villages in Roviana, Solomon Islands. Coastal management 35, 545-565.",2007,Oceania,Kozou,0.452,Small,4,<10 years,Young,N,Y,1,tropical - coral reef,Tropical,P,Perception,Fisheries,Afisheries,,Increase,
6,Solomon Islands,"Aswani S., Furusawa T. (2007) Do marine protected areas affect human nutrition and health? A comparison between villages in Roviana, Solomon Islands. Coastal management 35, 545-565.",2007,Oceania,Nusa Hope,1.13,Medium,6,<10 years,Medium,N,Y,1,tropical - coral reef,Tropical,P,Perception,Fisheries,Afisheries,,Increase,
6,Solomon Islands,"Aswani S., Furusawa T. (2007) Do marine protected areas affect human nutrition and health? A comparison between villages in Roviana, Solomon Islands. Coastal management 35, 545-565.",2007,Oceania,Baraulu,1.03,Medium,4,<10 years,Young,N,Y,1,tropical - coral reef,Tropical,P,Perception,Fisheries,Afisheries,,Increase,
6,Solomon Islands,"Aswani S., Furusawa T. (2007) Do marine protected areas affect human nutrition and health? A comparison between villages in Roviana, Solomon Islands. Coastal management 35, 545-565.",2007,Oceania,Olive,1.57,Medium,3,<10 years,Young,N,Y,1,tropical - coral reef,Tropical,P,Perception,Fisheries,Afisheries,,Increase,
6,Solomon Islands,"Aswani S., Furusawa T. (2007) Do marine protected areas affect human nutrition and health? A comparison between villages in Roviana, Solomon Islands. Coastal management 35, 545-565.",2007,Oceania,Dunde,1.05,Medium,1,<10 years,Young,N,Y,1,tropical - coral reef,Tropical,P,Perception,Fisheries,Afisheries,,Increase,
7,Tanzania,"Barley Kincaid K., Rose G., Mahudi H. (2014) Fishers' perception of a multiple-use marine protected area: Why communities and gear users differ at Mafia Island, Tanzania. Marine Policy 43, 226-235.",2014,Africa,Mafia Island Marine Park,882,Large,16,>10 years,Old,Y,Y,1,tropical - coral reef,Tropical,P,Perception,Fisheries,Afisheries,,Increase,
7,Tanzania,"Barley Kincaid K., Rose G., Mahudi H. (2014) Fishers' perception of a multiple-use marine protected area: Why communities and gear users differ at Mafia Island, Tanzania. Marine Policy 43, 226-235.",2014,Africa,Mafia Island Marine Park,882,Large,16,>10 years,Old,Y,Y,1,tropical - coral reef,Tropical,P,Perception,Fisheries,Afisheries,,Increase,
7,Tanzania,"Barley Kincaid K., Rose G., Mahudi H. (2014) Fishers' perception of a multiple-use marine protected area: Why communities and gear users differ at Mafia Island, Tanzania. Marine Policy 43, 226-235.",2014,Africa,Mafia Island Marine Park,882,Large,16,>10 years,Old,Y,Y,1,tropical - coral reef,Tropical,P,Perception,Fisheries,Afisheries,,Increase,
8,Portugal,"Batista M.I., Baeta F., Costa M.J., Cabral H.N. (2011) MPA as management tools for small-scale fisheries: The case study of Arrabida Marine Protected Area (Portugal). Ocean & Coastal Management 54, 137-147.",2011,Europe,Arrabida Marine Protected Area,53.24,Medium,13,>10 years,Old,Y,Y,0.081,rocky reef,Temperate,BA,BACI,Fisheries,Afisheries,No change,,No change
9,Portugal,"Batista M.I., Horta e Costa B., Goncalves L. et al. (2015) Assessment of catches, landings and fishing effort as useful tools for MPA management. Fisheries Research (Amsterdam) 172, 197-208.",2015,Europe,Arrabida Marine Protected Area,53.24,Medium,5,<10 years,Young,Y,Y,0.081,rocky reef,Temperate,BA,BACI,Fisheries,Afisheries,Increase,,
9,Portugal,"Batista M.I., Horta e Costa B., Goncalves L. et al. (2015) Assessment of catches, landings and fishing effort as useful tools for MPA management. Fisheries Research (Amsterdam) 172, 197-208.",2012,Europe,Arrabida Marine Protected Area,53.24,Medium,5,<10 years,Young,Y,Y,0.081,rocky reef,Temperate,BA,BACI,Fisheries,Afisheries,Increase,,
10,South Africa,"Bennett B.A., Attwood C.G. (1991) Evidence for recovery of a surf-zone fish assemblage following the establishment of a marine reserve on the southern coast of South Africa. Marine Ecology Progress Series 75, 173-181.",1991,Africa,De Hoop Marine Reserve,288.9,Large,5,<10 years,Young,N,Y,1,rocky reef,Temperate,BACI,BACI,Fisheries,Rfisheries,Increase,Increase,
12,Philippines,"Cabigas R.-B., Manzano L.-L., Nobukazu N. (2012) Success and failure of marine protected area management affecting the fish catch by adjacent fishermen in Sarangani Bay, Mindanao, Philippines. South Pacific study Kagoshima University Research Center for the South Pacific 33, 1-23.",2012,Asia,Glan Padidu Marine Sanctuary,0.1,Small,9,<10 years,Medium,N,Y,1,tropical - coral reef,Tropical,BA,BACI,Fisheries,Afisheries,Increase,Increase,
12,Philippines,"Cabigas R.-B., Manzano L.-L., Nobukazu N. (2012) Success and failure of marine protected area management affecting the fish catch by adjacent fishermen in Sarangani Bay, Mindanao, Philippines. South Pacific study Kagoshima University Research Center for the South Pacific 33, 1-23.",2012,Asia,Kapatan Marine Reserve,0.12,Small,9,<10 years,Medium,N,Y,1,tropical - coral reef,Tropical,BA,BACI,Fisheries,Afisheries,Increase,Increase,
12,Philippines,"Cabigas R.-B., Manzano L.-L., Nobukazu N. (2012) Success and failure of marine protected area management affecting the fish catch by adjacent fishermen in Sarangani Bay, Mindanao, Philippines. South Pacific study Kagoshima University Research Center for the South Pacific 33, 1-23.",2012,Asia,Kamanga Marine Ecotourism Park and Sanctuary,1.405,Medium,5,<10 years,Young,N,Y,1,tropical - coral reef,Tropical,BA,BACI,Fisheries,Afisheries,Increase,Increase,
12,Philippines,"Cabigas R.-B., Manzano L.-L., Nobukazu N. (2012) Success and failure of marine protected area management affecting the fish catch by adjacent fishermen in Sarangani Bay, Mindanao, Philippines. South Pacific study Kagoshima University Research Center for the South Pacific 33, 1-23.",2012,Asia,Tuka Marine Park,0.5331,Small,10,>10 years,Medium,N,Y,1,tropical - coral reef,Tropical,BA,BACI,Fisheries,Afisheries,Increase,Increase,
14,France,"Cadiou G., Boudouresque C.F., Bonhomme P., Le Direach L. (2009) The management of artisanal fishing within the Marine Protected Area of the Port-Cros National Park (northwest Mediterranean Sea): a success story? ICES Journal of Marine Science 66, 41-49.",2009,Europe,Port-Cros National Park,12.88,Medium,45,>10 years,Old,Y,Y,0.05,rocky reef,Temperate,O,BACI,Fisheries,Afisheries,Decrease,No change,
15,Indonesia,"Campbell S.J., Mukminin A., Kartawijaya T., Huchery C., Cinner J.E. (2014) Changes in a coral reef fishery along a gradient of fishing pressure in an Indonesian marine protected area. Aquatic Conservation-Marine and Freshwater Ecosystems 24, 92-103.",2014,Asia,Karimunjawa National Park,1116.25,Large,15,>10 years,Old,Y,Y,0.01,tropical - coral reef,Tropical,CI,BACI,Fisheries,Afisheries,,No change,
16,Chile,"Carcamo P., Gaymer C.F. (2013) Interactions Between Spatially Explicit Conservation and Management Measures: Implications for the Governance of Marine Protected Areas. Environmental Management 52, 1355-1368.",2013,South America,Islas Choros-Damas Marine Reserve,38.34,Medium,20,>10 years,Old,N,Y,1,temperate,Temperate,BA,BACI,Fisheries,Afisheries,Increase,,
18,Philippines,"Chaigneau T., Brown K. (2016) Challenging the win-win discourse on conservation and development: analyzing support for marine protected areas. Ecology and Society 21, 36.",2016,Asia,"Bonbonon, Candapino, Suba",0.086,Small,17,>10 years,Old,N,Y,1,tropical - coral reef,Tropical,P,Perception,Fisheries,Afisheries,,Decrease,Increase
18,Philippines,"Chaigneau T., Brown K. (2016) Challenging the win-win discourse on conservation and development: analyzing support for marine protected areas. Ecology and Society 21, 36.",2016,Asia,Candapino,0.204,Small,8,<10 years,Medium,N,Y,1,tropical - coral reef,Tropical,P,Perception,Fisheries,Afisheries,,Decrease,Increase
18,Philippines,"Chaigneau T., Brown K. (2016) Challenging the win-win discourse on conservation and development: analyzing support for marine protected areas. Ecology and Society 21, 36.",2016,Asia,Suba,0.2,Small,7,<10 years,Medium,N,Y,1,tropical - coral reef,Tropical,P,Perception,Fisheries,Afisheries,,Decrease,Increase
18,Philippines,"Chaigneau T., Brown K. (2016) Challenging the win-win discourse on conservation and development: analyzing support for marine protected areas. Ecology and Society 21, 36.",2016,Asia,Suba,0.2,Small,7,<10 years,Medium,N,Y,1,tropical - coral reef,Tropical,P,Perception,Fisheries,Afisheries,,Decrease,Increase
20,Indonesia,"Christie P. (2004) Marine protected areas as biological successes and social failures in Southeast Asia. pp. 155-164. American Fisheries Society Symposium. Bethesda, MD.",2004,Asia,Bunaken National Park,890.56,Large,12,>10 years,Old,Y,Y,2.81E-05,tropical - coral reef,Tropical,P,Perception,Fisheries,Mixed,Increase,Increase,
20,Philippines,"Christie P. (2004) Marine protected areas as biological successes and social failures in Southeast Asia. pp. 155-164. American Fisheries Society Symposium. Bethesda, MD.",2004,Asia,San Salvador,1.25,Medium,14,>10 years,Old,N,Y,1,tropical - coral reef,Tropical,P,Perception,Fisheries,Afisheries,Increase,Increase,
20,Philippines,"Christie P. (2004) Marine protected areas as biological successes and social failures in Southeast Asia. pp. 155-164. American Fisheries Society Symposium. Bethesda, MD.",2004,Asia,Twin Rocks,0.03,Small,12,>10 years,Old,N,Y,1,tropical - coral reef,Tropical,P,Perception,Fisheries,Mixed,Increase,Increase,
21,Philippines,"Christie P., White A.T., Buhat D. (1994) Community?based coral reef management on san Salvador island, the Philippines. Society & Natural Resources 7, 103-117.",1994,Asia,San Salvador,1.25,Medium,2,<10 years,Young,N,Y,1,tropical - coral reef,Tropical,BA,BACI,Fisheries,Afisheries,No change,Increase,
21,Philippines,"Christie P., White A.T., Buhat D. (1994) Community?based coral reef management on san Salvador island, the Philippines. Society & Natural Resources 7, 103-117.",1994,Asia,San Salvador,1.25,Medium,2,<10 years,Young,N,Y,1,tropical - coral reef,Tropical,BA,BACI,Fisheries,Afisheries,No change,Increase,
21,Philippines,"Christie P., White A.T., Buhat D. (1994) Community?based coral reef management on san Salvador island, the Philippines. Society & Natural Resources 7, 103-117.",1994,Asia,San Salvador,1.25,Medium,2,<10 years,Young,N,Y,1,tropical - coral reef,Tropical,BA,BACI,Fisheries,Afisheries,No change,Increase,
21,Philippines,"Christie P., White A.T., Buhat D. (1994) Community?based coral reef management on san Salvador island, the Philippines. Society & Natural Resources 7, 103-117.",1994,Asia,San Salvador,1.25,Medium,2,<10 years,Young,N,Y,1,tropical - coral reef,Tropical,BA,BACI,Fisheries,Afisheries,No change,Increase,
21,Philippines,"Christie P., White A.T., Buhat D. (1994) Community?based coral reef management on san Salvador island, the Philippines. Society & Natural Resources 7, 103-117.",1994,Asia,San Salvador,1.25,Medium,2,<10 years,Young,N,Y,1,tropical - coral reef,Tropical,BA,BACI,Fisheries,Afisheries,,Increase,
22,Kenya,"Cinner J.E., McClanahan T.R. (2015) A sea change on the African coast? Preliminary social and ecological outcomes of a governance transformation in Kenyan fisheries. Global Environmental Change 30, 133-139.",2015,Africa,Mombasa Marine National Reserve,200,Large,27,>10 years,Old,N,Y,1,tropical - coral reef,Tropical,BA,BACI,Fisheries,Afisheries,,Increase,
22,Kenya,"Cinner J.E., McClanahan T.R. (2015) A sea change on the African coast? Preliminary social and ecological outcomes of a governance transformation in Kenyan fisheries. Global Environmental Change 30, 133-139.",2015,Africa,Kuruwitu community-based marine reserve,0.29,Small,7,<10 years,Medium,N,Y,1,tropical - coral reef,Tropical,BA,BACI,Fisheries,Afisheries,,Increase,
22,Kenya,"Cinner J.E., McClanahan T.R. (2015) A sea change on the African coast? Preliminary social and ecological outcomes of a governance transformation in Kenyan fisheries. Global Environmental Change 30, 133-139.",2015,Africa,Kibuyuni Community-based marine,0.275,Small,3,<10 years,Young,N,Y,1,tropical - coral reef,Tropical,BA,BACI,Fisheries,Afisheries,,Increase,
22,Kenya,"Cinner J.E., McClanahan T.R. (2015) A sea change on the African coast? Preliminary social and ecological outcomes of a governance transformation in Kenyan fisheries. Global Environmental Change 30, 133-139.",2015,Africa,Mradi community-based marine reserve,0.22,Small,2,<10 years,Young,N,Y,1,tropical - coral reef,Tropical,BA,BACI,Fisheries,Afisheries,,Increase,
22,Kenya,"Cinner J.E., McClanahan T.R. (2015) A sea change on the African coast? Preliminary social and ecological outcomes of a governance transformation in Kenyan fisheries. Global Environmental Change 30, 133-139.",2015,Africa,Mtangata community-base marine reserve,,,17,>10 years,Old,N,,1,tropical - coral reef,Tropical,BA,BACI,Fisheries,Afisheries,,No change,
22,Kenya,"Cinner J.E., McClanahan T.R. (2015) A sea change on the African coast? Preliminary social and ecological outcomes of a governance transformation in Kenyan fisheries. Global Environmental Change 30, 133-139.",2015,Africa,Tiwi community-based marine reserve,0.13,Small,12,>10 years,Old,N,,1,tropical - coral reef,Tropical,BA,BACI,Fisheries,Afisheries,,No change,
22,Kenya,"Cinner J.E., McClanahan T.R. (2015) A sea change on the African coast? Preliminary social and ecological outcomes of a governance transformation in Kenyan fisheries. Global Environmental Change 30, 133-139.",2015,Africa,Mayungu,,,,,,Y,N,0,tropical - coral reef,Tropical,,BACI,Fisheries,,,No change,
22,Kenya,"Cinner J.E., McClanahan T.R. (2015) A sea change on the African coast? Preliminary social and ecological outcomes of a governance transformation in Kenyan fisheries. Global Environmental Change 30, 133-139.",2015,Africa,Takaungu,,,,,,Y,N,0,tropical - coral reef,Tropical,,BACI,Fisheries,,,No change,
25,Europe - Mediterranean,"Di Franco A., Thiriet P., Di Carlo G. et al. (2016) Five key attributes can increase marine protected areas performance for small-scale fisheries management. Scientific Reports 6.",2016,Europe,Multiple,,,,,,Y,,0.5,temperate,Temperate,O,BACI,Coastal community,Coastal community,,,Increase
27,USA,"Dobrzynski T., Nicholson E. (2002) User group perceptions of the short-term impacts of marine reserves in Key West. pp. 759-763. Proceedings of the Ninth International Coral Reef Symposium, Bali, 23-27 October 2000.",2002,North America,Florida Keys National Marine Sanctuary,51.45,Medium,2,<10 years,Young,Y,Y,0.7,Subtropical,Temperate,P,Perception,Fisheries,Cfisheries,Decrease,No change,No change
27,USA,"Dobrzynski T., Nicholson E. (2002) User group perceptions of the short-term impacts of marine reserves in Key West. pp. 759-763. Proceedings of the Ninth International Coral Reef Symposium, Bali, 23-27 October 2000.",2002,North America,Florida Keys National Marine Sanctuary,51.45,Medium,2,<10 years,Young,Y,Y,0.7,Subtropical,Temperate,P,Perception,Tourism  ,Ctourism  ,,,Increase
27,USA,"Dobrzynski T., Nicholson E. (2002) User group perceptions of the short-term impacts of marine reserves in Key West. pp. 759-763. Proceedings of the Ninth International Coral Reef Symposium, Bali, 23-27 October 2000.",2002,North America,Florida Keys National Marine Sanctuary,51.45,Medium,2,<10 years,Young,Y,Y,0.7,Subtropical,Temperate,P,Perception,Tourism  ,Ctourism  ,,,No change
30,Philippines,"Fabinyi M., Knudsen M., Segi S. (2010) Social Complexity, Ethnography and Coastal Resource Management in the Philippines. Coastal Management 38, 617.",2010,Asia,Granada MPA,0.0935,Small,8,<10 years,Medium,N,Y,1,tropical - coral reef,Tropical,O,BACI,Fisheries,Afisheries,,No change,
30,Philippines,"Fabinyi M., Knudsen M., Segi S. (2010) Social Complexity, Ethnography and Coastal Resource Management in the Philippines. Coastal Management 38, 617.",2010,Asia,Granada MPA,0.0935,Small,8,<10 years,Medium,N,Y,1,tropical - coral reef,Tropical,O,BACI,Fisheries,Afisheries,,No change,
32,USA,"Fogarty M.J., Murawski S.A. (2004) Do Marine Protected Areas Really Work? Oceanus 43, 42-44.",2004,North America,Georges Bank and nearby MPAs,20000,Large,20,>10 years,Old,Y,,0.5,temperate,Temperate,O,BACI,Fisheries,Cfisheries,,Increase,
33,France,"Forcada A., Valle C., Bonhomme P. et al. (2009) Effects of habitat on spillover from marine protected areas to artisanal fisheries. Marine Ecology Progress Series 379, 197-211.",2009,Europe,Carry-le-Rouet Marine Reserve,0.65,Small,20,>10 years,Old,Y,Y,1,temperate,Temperate,CI,BACI,Fisheries,Afisheries,Increase,Increase,
33,France,"Forcada A., Valle C., Bonhomme P. et al. (2009) Effects of habitat on spillover from marine protected areas to artisanal fisheries. Marine Ecology Progress Series 379, 197-211.",2009,Europe,Cerbère-Banyuls Marine Reserve,0.085,Small,20,>10 years,Old,Y,Y,Y,temperate,Temperate,CI,BACI,Fisheries,Afisheries,Increase,No change,
33,Spain,"Forcada A., Valle C., Bonhomme P. et al. (2009) Effects of habitat on spillover from marine protected areas to artisanal fisheries. Marine Ecology Progress Series 379, 197-211.",2009,Europe,Tabarca Marine Reserve,14,Medium,23,>10 years,Old,Y,Y,Y,temperate,Temperate,CI,BACI,Fisheries,Afisheries,Increase,Increase,
37,Spain,"Gomez S., Lloret J., Demestre M., Riera V. (2006) The Decline of the Artisanal Fisheries in Mediterranean Coastal Areas: The Case of Cap de Creus (Cape Creus). Coastal Management 34, 217-232.",2006,Europe,Cape Creus Marine Protected Area,30,Medium,7,<10 years,Medium,N,N,N,temperate,Temperate,BA,BACI,Fisheries,Afisheries,,,No change
37,Spain,"Gomez S., Lloret J., Demestre M., Riera V. (2006) The Decline of the Artisanal Fisheries in Mediterranean Coastal Areas: The Case of Cap de Creus (Cape Creus). Coastal Management 34, 217-232.",2006,Europe,Cape Creus Marine Protected Area,30,Medium,7,<10 years,Medium,N,N,N,temperate,Temperate,BA,BACI,Fisheries,Afisheries,,,No change
39,Spain,"Goni R., Hilborn R., Diaz D., Mallol S., Adlerstein S. (2010) Net contribution of spillover from a marine reserve to fishery catches. Marine Ecology Progress Series 400, 233-243.",2010,Europe,Columbretes Islands Marine Reserve,44,Medium,17,>10 years,Old,N,Y,1,temperate,Temperate,CI,BACI,Fisheries,Afisheries,,Increase,
40,Spain,"Goni R., Quetglas A., Renones O. (2006) Spillover of spiny lobsters Palinurus elephas from a marine reserve to an adjoining fishery. Marine Ecology Progress Series 308, 207-219.",2006,Europe,Columbretes Islands Marine Reserve,44,Medium,12,>10 years,Old,N,Y,1,temperate,Temperate,CI,BACI,Fisheries,Afisheries,Increase,,
42,South Africa,"Gotz A., Kerwath S.E., Attwood C.G. (2013) A step-by-step framework to assess benefits of established temperate marine protected areas. South African Journal of Science 109, 1.",2013,Africa,Goukamma Marine Protected Area,40,Medium,22,>10 years,Old,N,Y,1,temperate,Temperate,D,BACI,Fisheries,Cfisheries,Increase,Increase,
43,Italy,"Guidetti P., Bussotti S., Pizzolante F., Ciccolella A. (2010) Assessing the potential of an artisanal fishing co-management in the Marine Protected Area of Torre Guaceto (southern Adriatic Sea, SE Italy). Fisheries Research 101, 180-187.",2010,Europe,Torre Guaceto,22.27,Medium,18,>10 years,Old,Y,Y,0.080377189,temperate,Temperate,CI,BACI,Fisheries,Afisheries,Increase,,Increase
44,Italy,"Guidetti P., Claudet J. (2010) Comanagement Practices Enhance Fisheries in Marine Protected Areas. Conservation Biology 24, 312-318.",2010,Europe,Torre Guaceto,22.27,Medium,18,>10 years,Old,Y,Y,0.080377189,temperate,Temperate,CI,BACI,Fisheries,Afisheries,Increase,,
45,England,"Hattam, C.E., Mangi, S.C., Gall, S.C., Rodwell, L.D., 2014. Social impacts of a temperate fisheries closure: understanding stakeholders' views. Marine Policy 45, 269-278.",2014,Europe,Lyme Bay,206,Large,2,<10 years,Young,Y,N,0,temperate,Temperate,P,Perception,Fisheries,Cfisheries,,No change,
45,England,"Hattam, C.E., Mangi, S.C., Gall, S.C., Rodwell, L.D., 2014. Social impacts of a temperate fisheries closure: understanding stakeholders' views. Marine Policy 45, 269-278.",2014,Europe,Lyme Bay,206,Large,2,<10 years,Young,Y,N,0,temperate,Temperate,P,Perception,Tourism,Ctourism,,,Increase
46,Italy,"Himes, A.H., 2003. Small-Scale Sicilian Fisheries: Opinions of Artisanal Fishers and Sociocultural Effects in Two MPA Case Studies. Coastal Management 31, 389-408.",2003,Europe,Gulf of Castellammare,200,Large,12,>10 years,Old,Y,N,0,temperate,Temperate,P,Perception,Fisheries,Afisheries,Increase,Increase,
46,Italy,"Himes, A.H., 2003. Small-Scale Sicilian Fisheries: Opinions of Artisanal Fishers and Sociocultural Effects in Two MPA Case Studies. Coastal Management 31, 389-408.",2003,Europe,Gulf of Castellammare,200,Large,12,>10 years,Old,Y,N,0,temperate,Temperate,P,Perception,Fisheries,Afisheries,No change,Increase,
46,Italy,"Himes, A.H., 2003. Small-Scale Sicilian Fisheries: Opinions of Artisanal Fishers and Sociocultural Effects in Two MPA Case Studies. Coastal Management 31, 389-408.",2003,Europe,Gulf of Castellammare,200,Large,12,>10 years,Old,Y,N,0,temperate,Temperate,P,Perception,Fisheries,Afisheries,Decrease,Increase,
46,Italy,"Himes, A.H., 2003. Small-Scale Sicilian Fisheries: Opinions of Artisanal Fishers and Sociocultural Effects in Two MPA Case Studies. Coastal Management 31, 389-408.",2003,Europe,Gulf of Castellammare,200,Large,12,>10 years,Old,Y,N,0,temperate,Temperate,P,Perception,Fisheries,Afisheries,Increase,Decrease,
46,Italy,"Himes, A.H., 2003. Small-Scale Sicilian Fisheries: Opinions of Artisanal Fishers and Sociocultural Effects in Two MPA Case Studies. Coastal Management 31, 389-408.",2003,Europe,Gulf of Castellammare,200,Large,12,>10 years,Old,Y,N,0,temperate,Temperate,P,Perception,Fisheries,Afisheries,Increase,Increase,
46,Italy,"Himes, A.H., 2003. Small-Scale Sicilian Fisheries: Opinions of Artisanal Fishers and Sociocultural Effects in Two MPA Case Studies. Coastal Management 31, 389-408.",2003,Europe,Egadi Islands Marine Reserve,50,Medium,11,>10 years,Old,N,Y,1,temperate,Temperate,P,Perception,Fisheries,Afisheries,Increase,Increase,
46,Italy,"Himes, A.H., 2003. Small-Scale Sicilian Fisheries: Opinions of Artisanal Fishers and Sociocultural Effects in Two MPA Case Studies. Coastal Management 31, 389-408.",2003,Europe,Egadi Islands Marine Reserve,50,Medium,11,>10 years,Old,N,Y,1,temperate,Temperate,P,Perception,Fisheries,Afisheries,Decrease,Increase,
46,Italy,"Himes, A.H., 2003. Small-Scale Sicilian Fisheries: Opinions of Artisanal Fishers and Sociocultural Effects in Two MPA Case Studies. Coastal Management 31, 389-408.",2003,Europe,Egadi Islands Marine Reserve,50,Medium,11,>10 years,Old,N,Y,1,temperate,Temperate,P,Perception,Fisheries,Afisheries,Increase,Decrease,
47,Australia,"Hopf, J.K., Jones, G.P., Williamson, D.H., Connolly, S.R., 2016. Synergistic Effects of Marine Reserves and Harvest Controls on the Abundance and Catch Dynamics of a Coral Reef Fishery. Current Biology 26, 1543-1548.",2016,Oceania,Great Barrier Reef Marine Park,344000,Large,10,>10 years,Medium,Y,Y,0.33,tropical - coral reef,Tropical,BA,BACI,Fisheries,Cfisheries,Increase,Decrease,
49,Indonesia,"Jaiteh, V.F., Lindfield, S.J., Mangubhai, S., Warren, C., Fitzpatrick, B., Loneragan, N.R., 2016. Higher Abundance of Marine Predators and Changes in Fishers' Behavior Following Spatial Protection within the World's Biggest Shark Fishery. Frontiers in Marine Science 3.",2016,Asia,Raja Ampat,45000,Large,1,<10 years,Young,N,Y,1,tropical - coral reef,Tropical,P,Perception,Fisheries,Afisheries,,Decrease,
49,Indonesia,"Jaiteh, V.F., Lindfield, S.J., Mangubhai, S., Warren, C., Fitzpatrick, B., Loneragan, N.R., 2016. Higher Abundance of Marine Predators and Changes in Fishers' Behavior Following Spatial Protection within the World's Biggest Shark Fishery. Frontiers in Marine Science 3.",2016,Asia,Raja Ampat,45000,Large,3,<10 years,Young,N,N,1,tropical - coral reef,Tropical,P,Perception,Fisheries,Afisheries,,No change,
49,Indonesia,"Jaiteh, V.F., Lindfield, S.J., Mangubhai, S., Warren, C., Fitzpatrick, B., Loneragan, N.R., 2016. Higher Abundance of Marine Predators and Changes in Fishers' Behavior Following Spatial Protection within the World's Biggest Shark Fishery. Frontiers in Marine Science 3.",2016,Asia,Raja Ampat,45000,Large,3,<10 years,Young,N,N,1,tropical - coral reef,Tropical,P,Perception,Fisheries,Afisheries,,No change,
49,Indonesia,"Jaiteh, V.F., Lindfield, S.J., Mangubhai, S., Warren, C., Fitzpatrick, B., Loneragan, N.R., 2016. Higher Abundance of Marine Predators and Changes in Fishers' Behavior Following Spatial Protection within the World's Biggest Shark Fishery. Frontiers in Marine Science 3.",2016,Asia,SE Misool,3432,Large,3,<10 years,Young,N,Y,1,tropical - coral reef,Tropical,CI,BACI,Fisheries,Afisheries,,Increase,
49,Indonesia,"Jaiteh, V.F., Lindfield, S.J., Mangubhai, S., Warren, C., Fitzpatrick, B., Loneragan, N.R., 2016. Higher Abundance of Marine Predators and Changes in Fishers' Behavior Following Spatial Protection within the World's Biggest Shark Fishery. Frontiers in Marine Science 3.",2016,Asia,Batbitim,425,Large,10,>10 years,Medium,N,Y,1,tropical - coral reef,Tropical,CI,BACI,Fisheries,Afisheries,,Increase,
49,Indonesia,"Jaiteh, V.F., Lindfield, S.J., Mangubhai, S., Warren, C., Fitzpatrick, B., Loneragan, N.R., 2016. Higher Abundance of Marine Predators and Changes in Fishers' Behavior Following Spatial Protection within the World's Biggest Shark Fishery. Frontiers in Marine Science 3.",2016,Asia,Daram,403,Large,5,<10 years,Young,N,Y,1,tropical - coral reef,Tropical,CI,BACI,Fisheries,Afisheries,,Increase,
50,Vanuatu,"Januchowski-Hartley, F.A., Cinner, J.E., Graham, N.A.J., 2014. Fishery benefits from behavioural modification of fishes in periodically harvested fisheries closures. Aquatic Conservation: Marine and Freshwater Ecosystems 24, 777-790.",2014,Oceania,Nguna-Pele Marine Protected Area,1,Medium,6,<10 years,Medium,Y,,0,tropical - coral reef,Tropical,CI,BACI,Fisheries,Afisheries,Increase,Increase,
51,US Virgin Islands,"Karras, C., Agar, J.J., 2009. Cruzan fishers' perspectives on the performance of the Buck Island Reef National Monument and the red hind seasonal closure. Ocean & Coastal Management 52, 578-585.",2009,Central America,Buck Island National Monument,76.95,Medium,7,<10 years,Medium,N,Y,1,tropical - coral reef,Tropical,P,Perception,Fisheries,Afisheries,,Increase,Decrease
52,Kenya,"Kaunda-Arara, B., Rose, G.A., 2004. Effects of marine reef National Parks on fishery CPUE in coastal Kenya. Biological Conservation 118, 1-13.",2004,Africa,Malindi Marine National Park,6.3,Medium,35,>10 years,Old,Y,Y,1,tropical - coral reef,Tropical,CI,BACI,Fisheries,Afisheries,Increase,,
52,Kenya,"Kaunda-Arara, B., Rose, G.A., 2004. Effects of marine reef National Parks on fishery CPUE in coastal Kenya. Biological Conservation 118, 1-13.",2004,Africa,Watamu Marine National Park,10,Medium,35,>10 years,Old,N,Y,1,tropical - coral reef,Tropical,CI,BACI,Fisheries,Afisheries,Increase,,
53,USA,"Kay, M.C., Lenihan, H.S., Guenther, C.M., Wilson, J.R., Miller, C.J., Shrout, S.W., 2012. Collaborative assessment of California spiny lobster population and fishery responses to a marine reserve network. Ecological Applications 22, 322-335.",2012,North America,Channel Islands National Marine Sanctuary,3807,Large,6,<10 years,Medium,N,Y,1,temperate,Temperate,BACI,BACI,Fisheries,Cfisheries,Increase,Increase,
54,New Zealand,"Kelly, S., Scott, D., MacDiarmid, A.B., 2002. The value of a spillover fishery for spiny lobsters around a marine reserve in northern New Zealand. Coastal Management 30, 153-166.",2002,Oceania,Leigh Marine Reserve,5.56,Medium,20,>10 years,Old,N,Y,1,temperate,Temperate,D,BACI,Fisheries,Cfisheries,No change,,
57,Indonesia,"Kusumawati, I., Huang, H.-W., 2015. Key factors for successful management of marine protected areas: A comparison of stakeholders' perception of two MPAs in Weh island, Sabang, Aceh, Indonesia. Marine Policy 51, 465-475.",2015,Asia,Weh Island Marine Recreationa lPark (WMRP),26,Medium,31,>10 years,Old,N,Y,1,tropical - coral reef,Tropical,P,Perception,Coastal community,Mixed,,,Increase
57,Indonesia,"Kusumawati, I., Huang, H.-W., 2015. Key factors for successful management of marine protected areas: A comparison of stakeholders' perception of two MPAs in Weh island, Sabang, Aceh, Indonesia. Marine Policy 51, 465-475.",2015,Asia,Weh Island Marine Protected Area (WMPA),32,Medium,6,<10 years,Medium,N,Y,1,tropical - coral reef,Tropical,P,Perception,Coastal community,Mixed,,,Increase
58,Brazil,"Leite, T.S., Haimovici, M., Mather, J., Oliveira, J.E.L., 2009. Habitat, distribution, and abundance of the commercial octopus (Octopus insularis) in a tropical oceanic island, Brazil: Information for management of an artisanal fishery inside a marine protected area. Fisheries Research (Amsterdam) 98, 85-91.",2009,South America,Parque Nacional Marinho de Fernando de Noronha,109.28,Large,17,>10 years,Old,N,Y,1,Subtropical,Temperate,CI,BACI,Fisheries,Cfisheries,No change,,
59,Philippines,"Lucas, E.Y., Kirit, R., 2009. Fisheries-Marine Protected Area-Tourism Interactions in Moalboal, Cebu, Philippines. Coastal Management 37, 480-490.",2009,Asia,Saavedra,0.0735,Small,30,>10 years,Old,N,Y,1,tropical - coral reef,Tropical,P,Perception,Fisheries,Afisheries,,Decrease,
59,Philippines,"Lucas, E.Y., Kirit, R., 2009. Fisheries-Marine Protected Area-Tourism Interactions in Moalboal, Cebu, Philippines. Coastal Management 37, 480-490.",2009,Asia,Basdiot,0.05,Small,9,<10 years,Medium,N,Y,1,tropical - coral reef,Tropical,P,Perception,Fisheries,Afisheries,,Decrease,
61,France,"Marengo, M., Culioli, J.M., Santoni, M.C., Marchand, B., Durieux, E.D.H., 2015. Comparative analysis of artisanal and recreational fisheries for Dentex dentex in a Marine Protected Area. Fisheries Management and Ecology 22, 249-260.",2015,Europe,Bonifacio Strait Natural Reserve ,796.4,Large,13,>10 years,Old,Y,Y,0.142,temperate,Temperate,CI,BACI,Fisheries,Afisheries,Increase,Increase,
61,France,"Marengo, M., Culioli, J.M., Santoni, M.C., Marchand, B., Durieux, E.D.H., 2015. Comparative analysis of artisanal and recreational fisheries for Dentex dentex in a Marine Protected Area. Fisheries Management and Ecology 22, 249-260.",2015,Europe,Bonifacio Strait Natural Reserve ,796.4,Large,13,>10 years,Old,Y,Y,0.142,temperate,Temperate,CI,BACI,Fisheries,Rfisheries,Increase,Increase,
64,Brazil,"Martins, I.M., Medeiros, R.P., Hanazaki, N., 2014. From fish to ecosystems: The perceptions of fishermen neighboring a southern Brazilian marine protected area. Ocean & Coastal Management 91, 50-57.",2014,South America,Arvoredo Biological Reserve,8500,Large,21,>10 years,Old,N,Y,1,Subtropical,Temperate,P,Perception,Fisheries,Afisheries,,No change,
66,Kenya,"McClanahan, T.R., Kaunda-Arara, B., 1996. Fishery recovery in a coral-reef marine park and its effect on the adjacent fishery. Conservation Biology 10, 1187-1199.",1996,Africa,Mombasa Marine National Reserve,10,Medium,3,<10 years,Young,N,Y,1,tropical - coral reef,Tropical,BA,BACI,Fisheries,Afisheries,Increase,Decrease,Increase
67,Kenya,"McClanahan, T.R., Mangi, S., 2000. Spillover of exploitable fishes from a marine park and its effect on the adjacent fishery. Ecological Applications 10, 1792-1805.",2000,Africa,Mombasa Marine National Reserve,6.2,Medium,3,<10 years,Young,Y,N,0,tropical - coral reef,Tropical,BA,BACI,Fisheries,Afisheries,No change,Decrease,
67,Kenya,"McClanahan, T.R., Mangi, S., 2000. Spillover of exploitable fishes from a marine park and its effect on the adjacent fishery. Ecological Applications 10, 1792-1805.",2000,Africa,Mombasa Marine National Reserve,6.2,Medium,3,<10 years,Young,Y,N,0,tropical - coral reef,Tropical,BA,BACI,Fisheries,Afisheries,Increase,Increase,
67,Kenya,"McClanahan, T.R., Mangi, S., 2000. Spillover of exploitable fishes from a marine park and its effect on the adjacent fishery. Ecological Applications 10, 1792-1805.",2000,Africa,Mombasa Marine National Reserve,6.2,Medium,3,<10 years,Young,Y,N,0,tropical - coral reef,Tropical,BA,BACI,Fisheries,Afisheries,Increase,Increase,
69,Italy,"Micheli, F., Niccolini, F., 2013. Achieving Success under Pressure in the Conservation of Intensely Used Coastal Areas. Ecology and Society 18, 947-986.",2013,Europe,Tavolara-Punta Coda Cavallo MPA,155.37,Large,15,>10 years,Old,Y,,0,temperate,Temperate,P,Perception,Fisheries,Afisheries,,Increase,
70,Tanzania,"Moshy, V.H., Bryceson, I., Mwaipopo, R., 2015. Social-ecological Changes, Livelihoods and Resilience Among Fishing Communities in Mafia Island Marine Park, Tanzania. Forum for development studies 42, 529-553.",2015,Africa,Mafia Island Marine Park,822,Large,14,>10 years,Old,N,,1,tropical - coral reef,Tropical,P,Perception,Fisheries,Afisheries,,Decrease,
70,Tanzania,"Moshy, V.H., Bryceson, I., Mwaipopo, R., 2015. Social-ecological Changes, Livelihoods and Resilience Among Fishing Communities in Mafia Island Marine Park, Tanzania. Forum for development studies 42, 529-553.",2015,Africa,Mafia Island Marine Park,822,Large,14,>10 years,Old,N,,1,tropical - coral reef,Tropical,P,Perception,Fisheries,Afisheries,,Decrease,
71,USA,"Murawski, S.A., Wigley, S.E., Fogarty, M.J., Rago, P.J., Mountain, D.G., 2005. Effort distribution and catch patterns adjacent to temperate MPAs. ICES Journal of Marine Science 62, 1150-1167.",2005,North America,Georges Bank and nearby MPAs,22000,Large,9,<10 years,Medium,Y,,0,temperate,Temperate,BA,BACI,Fisheries,Cfisheries,Increase,,
72,Kenya,"Muthiga, N.A., 2009. Evaluating the effectiveness of management of the Malindi-Watamu marine protected area complex in Kenya. Ocean & Coastal Management 52, 417-423.",2009,Africa,Malindi-Watamu marine protected area complex,196,Large,34,>10 years,Old,Y,,0,tropical - coral reef,Tropical,BA,BACI,Tourism,Tourism,,,Increase
72,Kenya,"Muthiga, N.A., 2009. Evaluating the effectiveness of management of the Malindi-Watamu marine protected area complex in Kenya. Ocean & Coastal Management 52, 417-423.",2009,Africa,Malindi-Watamu marine protected area complex,196,Large,34,>10 years,Old,Y,,0,tropical - coral reef,Tropical,BA,BACI,Fisheries,Afisheries,,Decrease,
74,Greece,"Oikonomou, Z.-S., Dikou, A., 2008. Integrating Conservation and Development at the National Marine Park of Alonissos, Northern Sporades, Greece: Perception and Practice. Environmental Management 42, 847-866.",2008,Europe,National Marine Park of Alonissos,2265,Large,13,>10 years,Old,N,,1,temperate,Temperate,P,Perception,Fisheries,Afisheries,,,Decrease
74,Greece,"Oikonomou, Z.-S., Dikou, A., 2008. Integrating Conservation and Development at the National Marine Park of Alonissos, Northern Sporades, Greece: Perception and Practice. Environmental Management 42, 847-866.",2008,Europe,National Marine Park of Alonissos,2265,Large,13,>10 years,Old,N,,1,temperate,Temperate,P,Perception,Tourism,Ctourism,,,Increase
74,Greece,"Oikonomou, Z.-S., Dikou, A., 2008. Integrating Conservation and Development at the National Marine Park of Alonissos, Northern Sporades, Greece: Perception and Practice. Environmental Management 42, 847-866.",2008,Europe,National Marine Park of Alonissos,2265,Large,13,>10 years,Old,N,,1,temperate,Temperate,P,Perception,Tourism,Ctourism,,,No change
77,Seychelles,"Pistortus P.A., Taylor F.E. (2009) Declining catch rates of reef fish in Aldabra's marine protected area. Aquatic Conservation-Marine and Freshwater Ecosystems 19, S2-S9.",2009,Africa,Aldabra Marine Protected Area,224,Large,25,>10 years,Old,Y,,0,tropical - coral reef,Tropical,BA,BACI,Fisheries,Afisheries,Decrease,,
81,Mexico,"Rife A.N., Aburto-Oropeza O., Hastings P.A. et al. (2013) Long-term effectiveness of a multi-use marine protected area on reef fish assemblages and fisheries landings. Journal of Environmental Management 117, 276.",2013,Central America,Loreto Bay National Park,1837,Large,7,<10 years,Medium,Y,Y,0.07,temperate,Temperate,BACI,BACI,Fisheries,Afisheries,,Decrease,
82,St. Lucia,"Roberts C.M., Bohnsack J.A., Gell F., Hawkins J.P., Goodridge R. (2001) Effects of Marine Reserves on Adjacent Fisheries. Science (Washington) 294, 1920-1923.",2001,Central America,Sufriere Marine Management Area,,,5,<10 years,Young,Y,Y,1,tropical - coral reef,Tropical,BA,BACI,Fisheries,Afisheries,Increase,,
82,St. Lucia,"Roberts C.M., Bohnsack J.A., Gell F., Hawkins J.P., Goodridge R. (2001) Effects of Marine Reserves on Adjacent Fisheries. Science (Washington) 294, 1920-1923.",2001,Central America,Sufriere Marine Management Area,,,5,<10 years,Young,Y,Y,1,tropical - coral reef,Tropical,BA,BACI,Fisheries,Afisheries,Increase,,
82,USA,"Roberts C.M., Bohnsack J.A., Gell F., Hawkins J.P., Goodridge R. (2001) Effects of Marine Reserves on Adjacent Fisheries. Science (Washington) 294, 1920-1923.",2001,North America,Merritt Island National Wildlife Refuge,,,38,>10 years,Old,N,Y,1,Subtropical,Temperate,D,BACI,Fisheries,Rfisheries,,Increase,
83,France,"Rocklin D., Tomasini J.A., Culioli J.M., Pelletier D., Mouillot D. (2011) Spearfishing Regulation Benefits Artisanal Fisheries: The ReGS Indicator and Its Application to a Multiple-Use Mediterranean Marine Protected Area. Plos One 6.",2011,Europe,Bonifacio Strait Natural Reserve,800,Large,8,<10 years,Medium,Y,Y,0.015,temperate,Temperate,BA,BACI,Fisheries,Afisheries,Increase,,
84,France,"Rodriguez-Rodriguez D., Rees S.E., Rodwell L.D., Attrill M.J. (2015) IMPASEA: A methodological framework to monitor and assess the socioeconomic effects of marine protected areas. An English Channel case study. Environmental Science & Policy 54, 44-51.",2015,Europe,Iroise marine nature park and Banc des Flanders Special Protection Area ,206,Large,25,>10 years,Old,Y,,1,temperate,Temperate,BACI,BACI,Fisheries,Cfisheries,,Increase,Increase
85,New Zealand,"Rojas-Nazar U.A., Cullen R., Gardner J.P.A., Bell J.J. (2015) Marine reserve establishment and on-going management costs: A case study from New Zealand. Marine Policy 60, 216-224.",2015,Oceania,Taputeranga marine reserve,8.54,Medium,6,<10 years,Medium,N,,1,temperate,Temperate,BA,BACI,Fisheries,Cfisheries,,Increase,Decrease
86,Brazil,"Rolim, F.A., Avila-da-Silva, A.O., 2016. Effects of marine protected areas on fisheries: the case of Sao Paulo State, Brazil. Latin American Journal of Aquatic Research 44, 1028-1038.",2016,South America,Sao Paulo State Marine Environmental Protected Areas,11300,Large,4,<10 years,Young,Y,Y,0,Subtropical,Temperate,BA,BACI,Fisheries,Cfisheries,No change,Decrease,Decrease
86,Brazil,"Rolim, F.A., Avila-da-Silva, A.O., 2016. Effects of marine protected areas on fisheries: the case of Sao Paulo State, Brazil. Latin American Journal of Aquatic Research 44, 1028-1038.",2016,South America,Sao Paulo State Marine Environmental Protected Areas,11300,Large,4,<10 years,Young,Y,Y,0,Subtropical,Temperate,BA,BACI,Fisheries,Afisheries,,Increase,
86,Brazil,"Rolim, F.A., Avila-da-Silva, A.O., 2016. Effects of marine protected areas on fisheries: the case of Sao Paulo State, Brazil. Latin American Journal of Aquatic Research 44, 1028-1038.",2016,South America,Sao Paulo State Marine Environmental Protected Areas,11300,Large,4,<10 years,Young,Y,Y,0,Subtropical,Temperate,BA,BACI,Fisheries,Afisheries,,Increase,
87,Philippines,"Russ, G.R., Alcala, A.C., 1999. Management histories of Sumilon and Apo Marine Reserves, Philippines, and their influence on national marine resource policy. Coral Reefs 18, 307-319.",1999,Asia,Apo Island Marine Reserve,2.25,Medium,24,>10 years,Old,N,Y,1,tropical - coral reef,Tropical,BA,BACI,Fisheries,Afisheries,,Increase,
87,Philippines,"Russ, G.R., Alcala, A.C., 1999. Management histories of Sumilon and Apo Marine Reserves, Philippines, and their influence on national marine resource policy. Coral Reefs 18, 307-319.",1999,Asia,Sumilon Reserve,0.398,Small,7,<10 years,Medium,N,Y,1,tropical - coral reef,Tropical,BA,BACI,Fisheries,Afisheries,Increase,Increase,
88,Philippines,"Russ, G.R., Alcala, A.C., Maypa, A.P., Calumpong, H.P., White, A.T., 2004. Marine Reserve Benefits Local Fisheries. Ecological Applications 14, 597-606.",2004,Asia,Apo Island Marine Reserve,0.225,Small,15,>10 years,Old,N,Y,1,tropical - coral reef,Tropical,BA,BACI,Fisheries,Afisheries,Increase,Increase,
89,Philippines,"Segi, S., 2014. Protecting or Pilfering? Neoliberal Conservationist Marine Protected Areas in the Experience of Coastal Granada, the Philippines. Human Ecology 42, 565-575.",2014,Asia,Boljoon MPA (protectedplanet: North Granada MPA),0.09,Small,11,>10 years,Old,N,Y,0,tropical - coral reef,Tropical,O,BACI,Fisheries,afisheries,,No change,
90,USA,"Smith, M.D., Zhang, J.J., Coleman, F.C., 2006. Effectiveness of marine reserves for large-scale fisheries management. Canadian Journal of Fisheries and Aquatic Sciences 63, 153-164.",2006,North America,Madison–Swanson Marine Reserve and Steamboat Lumps Marine Reserve,,,4,<10 years,Young,N,,1,tropical - other,Tropical,BA,BACI,Fisheries,Cfisheries,Decrease,,
91,France,"Stelzenmuller, V., Maynou, F., Martin, P., 2009. Patterns of species and functional diversity around a coastal marine reserve: a fisheries perspective. Aquatic Conservation: Marine and Freshwater Ecosystems 19, 554-565.",2009,Europe,Medes Islands Marine Reserve,5.11,Medium,14,>10 years,Old,Y,Y,0.18,temperate,Temperate,D,BACI,Fisheries,Afisheries,Increase,,Increase
92,USA,"Stevenson, T.C., Tissot, B.N., Walsh, W.J., 2013. Socioeconomic consequences of fishing displacement from marine protected areas in Hawaii. Biological Conservation 160, 50-58.",2013,North America,West coast of Hawai'I network of MPAs (9 fish replenishment areas),,,9,<10 years,Medium,Y,Y,0,tropical - coral reef,Tropical,P,Perception,Fisheries,Cfisheries,Decrease,,Increase
93,Spain,"Stobart, B., Warwick, R., Gonzalez, C., Mallol, S., Diaz, D., Renones, O., Goni, R., 2009. Long-term and spillover effects of a marine protected area on an exploited fish community. Marine Ecology Progress Series 384, 47-60.",2009,Europe,Columbretes Islands Marine Reserve,44,Medium,16,>10 years,Old,N,Y,1,temperate,Temperate,D,BACI,Fisheries,Afisheries,Increase,,
94,Sweden,"Suuronen, P., Jounela, P., Tschernij, V., 2010. Fishermen responses on marine protected areas in the Baltic cod fishery. Marine Policy 34, 237-243.",2010,Europe,Bornholm MPA,25.74,Medium,5,<10 years,Young,Y,,0,temperate,Temperate,BA,BACI,Fisheries,Cfisheries,Decrease,,
95,Vietnam,"Svensson, P., Rodwell, L.D., Attrill, M.J., 2010. The perceptions of local fishermen towards a hotel managed marine reserve in Vietnam. Ocean & Coastal Management 53, 114-122.",2010,Asia,Whale Island Bay and Peninsual Resort Hotel Managed Marine Reserves,0.16,Small,2,<10 years,Young,N,Y,1,tropical - coral reef,Tropical,P,Perception,Fisheries,Afisheries,,,Increase
97,Tanzania,"Tobey, J., Torell, E., 2006. Coastal poverty and MPA management in mainland Tanzania and Zanzibar. Ocean & Coastal Management 49, 834-854.",2006,Africa,Tanga Coastal Zone Conservation and Development Program (six community-based reef closures),,,12,>10 years,Old,Y,,0,tropical - coral reef,Tropical,CI,Perception,Fisheries,afisheries,,Increase,
97,Tanzania,"Tobey, J., Torell, E., 2006. Coastal poverty and MPA management in mainland Tanzania and Zanzibar. Ocean & Coastal Management 49, 834-854.",2006,Africa,Mafia Island Marine Park,822,Large,5,<10 years,Young,Y,,1,tropical - coral reef,Tropical,CI,Perception,Fisheries,afisheries,,Increase,
97,Tanzania,"Tobey, J., Torell, E., 2006. Coastal poverty and MPA management in mainland Tanzania and Zanzibar. Ocean & Coastal Management 49, 834-854.",2006,Africa,Menai Bay Conservation Area,467,Large,8,<10 years,Medium,Y,Y,1,tropical - coral reef,Tropical,CI,Perception,Fisheries,afisheries,,No change,
97,Tanzania,"Tobey, J., Torell, E., 2006. Coastal poverty and MPA management in mainland Tanzania and Zanzibar. Ocean & Coastal Management 49, 834-854.",2006,Africa,Jozani-Chwaka Bay Conservation Area,50,Medium,10,>10 years,Medium,N,,1,tropical - coral reef,Tropical,CI,Perception,Fisheries,afisheries,,Decrease,
97,Tanzania,"Tobey, J., Torell, E., 2006. Coastal poverty and MPA management in mainland Tanzania and Zanzibar. Ocean & Coastal Management 49, 834-854.",2006,Africa,Misali Island Conservation Area,22,Medium,12,>10 years,Old,Y,,1,tropical - coral reef,Tropical,CI,Perception,Fisheries,afisheries,,No change,
99,Philippines,"Tupper M., Asif F., Garces L.R., Pido M.D. (2015) Evaluating the management effectiveness of marine protected areas at seven selected sites in the Philippines. Marine Policy 56, 33-42.",2015,Asia,Capandan Marine Sanctuary,0.215,Small,11,>10 years,Old,Y,,0,tropical - coral reef,Tropical,P,Perception,Fisheries,Mixed,,No change,
99,Philippines,"Tupper M., Asif F., Garces L.R., Pido M.D. (2015) Evaluating the management effectiveness of marine protected areas at seven selected sites in the Philippines. Marine Policy 56, 33-42.",2015,Asia,General Island Marine Sanctuary,0.28,Small,9,<10 years,Medium,Y,,0,tropical - coral reef,Tropical,P,Perception,Fisheries,Mixed,,No change,
99,Philippines,"Tupper M., Asif F., Garces L.R., Pido M.D. (2015) Evaluating the management effectiveness of marine protected areas at seven selected sites in the Philippines. Marine Policy 56, 33-42.",2015,Asia,Bilagilangan East Marine Sanctuary,0.448,Small,8,<10 years,Medium,Y,,0,tropical - coral reef,Tropical,P,Perception,Fisheries,Mixed,,Decrease,
99,Philippines,"Tupper M., Asif F., Garces L.R., Pido M.D. (2015) Evaluating the management effectiveness of marine protected areas at seven selected sites in the Philippines. Marine Policy 56, 33-42.",2015,Asia,Pinamgo Marine Sanctuary,0.378,Small,10,>10 years,Medium,Y,,0,tropical - coral reef,Tropical,P,Perception,Fisheries,Mixed,,Decrease,
99,Philippines,"Tupper M., Asif F., Garces L.R., Pido M.D. (2015) Evaluating the management effectiveness of marine protected areas at seven selected sites in the Philippines. Marine Policy 56, 33-42.",2015,Asia,Sagrada-Bogtong Marine Reserve,3.92,Medium,8,<10 years,Medium,N,,1,tropical - coral reef,Tropical,P,Perception,Fisheries,Mixed,,Decrease,
99,Philippines,"Tupper M., Asif F., Garces L.R., Pido M.D. (2015) Evaluating the management effectiveness of marine protected areas at seven selected sites in the Philippines. Marine Policy 56, 33-42.",2015,Asia,Decalve Strict Protection Zone (Bintuan-Sangat Marine Park),0.626,Small,10,>10 years,Medium,N,,1,tropical - coral reef,Tropical,P,Perception,Fisheries,Mixed,,Decrease,
99,Philippines,"Tupper M., Asif F., Garces L.R., Pido M.D. (2015) Evaluating the management effectiveness of marine protected areas at seven selected sites in the Philippines. Marine Policy 56, 33-42.",2015,Asia,Bugor-Sand Island MPA,1.25,Medium,9,<10 years,Medium,N,,1,tropical - coral reef,Tropical,P,Perception,Fisheries,Mixed,,Decrease,
100,France and Spain,"Vandeperre F., Higgins R.M., Sánchez-Meca J. et al. (2011) Effects of no-take area size and age of marine protected areas on fisheries yields: a meta-analytical approach. Fish and Fisheries 12, 412-426.",2011,Europe,7 MPAs,350,Large,17,>10 years,Old,Y,Y,0.5,temperate,Temperate,CI,BACI,Fisheries,Afisheries,Increase,,
102,Philippines,"Vogt H.P. (1997) The economic benefits of tourism in the marine reserve of Apo Island, Philippines. pp. 2101-2106 in H.A. Lessios, I.G. Macintyre editors. Proceedings of the 8th International Coral Reef Symposium. Smithsonian Tropical Research Institute, Panama City, Panama.",1997,Asia,Apo Island Marine Reserve,274.7,Large,22,>10 years,Old,N,Y,1,tropical - coral reef,Tropical,O,BACI,Tourism,Ctourism,,,Increase
102,Philippines,"Vogt H.P. (1997) The economic benefits of tourism in the marine reserve of Apo Island, Philippines. pp. 2101-2106 in H.A. Lessios, I.G. Macintyre editors. Proceedings of the 8th International Coral Reef Symposium. Smithsonian Tropical Research Institute, Panama City, Panama.",1997,Asia,Apo Island Marine Reserve,274.7,Large,22,>10 years,Old,N,Y,1,tropical - coral reef,Tropical,O,BACI,Fisheries,Afisheries,,,Increase
104,Philippines,"Walmsley S.F., White A.T. (2003) Influence of social, management and enforcement factors on the long-term ecological effects of marine sanctuaries. Environmental Conservation 30, 388-407.",2003,Asia,Apo Island Marine Reserve,274.7,Large,19,>10 years,Old,N,Y,1,tropical - coral reef,Tropical,P,Perception,Fisheries,Mixed,,Increase,
104,Philippines,"Walmsley S.F., White A.T. (2003) Influence of social, management and enforcement factors on the long-term ecological effects of marine sanctuaries. Environmental Conservation 30, 388-407.",2003,Asia,Balicasag Island,0.03,Small,18,>10 years,Old,N,Y,1,tropical - coral reef,Tropical,P,Perception,Fisheries,Mixed,,No change,
104,Philippines,"Walmsley S.F., White A.T. (2003) Influence of social, management and enforcement factors on the long-term ecological effects of marine sanctuaries. Environmental Conservation 30, 388-407.",2003,Asia,Pamilacan Island,0.12,Small,19,>10 years,Old,N,Y,1,tropical - coral reef,Tropical,P,Perception,Fisheries,Mixed,,Increase,
104,Philippines,"Walmsley S.F., White A.T. (2003) Influence of social, management and enforcement factors on the long-term ecological effects of marine sanctuaries. Environmental Conservation 30, 388-407.",2003,Asia,Sumilon Reserve,0.398,Small,2,<10 years,Young,N,Y,0,tropical - coral reef,Tropical,P,Perception,Fisheries,Mixed,,No change,
105,Philippines,"Webb E.L., Maliao R.J., Siar S.V. (2004) Using local user perceptions to evaluate outcomes of protected area management in the Sagay Marine Reserve, Philippines. Environmental Conservation 31, 138-148.",2004,Asia,Sagay Marine Reserve,320,Large,8,<10 years,Medium,Y,Y,1,tropical - coral reef,Tropical,P,Perception,Fisheries,Coastal community,,,No change
105,Philippines,"Webb E.L., Maliao R.J., Siar S.V. (2004) Using local user perceptions to evaluate outcomes of protected area management in the Sagay Marine Reserve, Philippines. Environmental Conservation 31, 138-148.",2004,Asia,Sagay Marine Reserve,320,Large,8,<10 years,Medium,Y,Y,1,tropical - coral reef,Tropical,P,Perception,Fisheries,Coastal community,,,Decrease
106,Thailand,"Weigel J.Y., Morand P., Mawongwai T., Noel J.F., Tokrishna R. (2015) Assessing economic effects of a marine protected area on fishing households. A Thai case study. Fisheries Research 161, 64-76.",2015,Asia,Chumphon Archipelago Marine National Park,253.6,Large,16,>10 years,Old,Y,Y,1,tropical - coral reef,Tropical,CI,BACI,Fisheries,Afisheries,Increase,,
106,Thailand,"Weigel J.Y., Morand P., Mawongwai T., Noel J.F., Tokrishna R. (2015) Assessing economic effects of a marine protected area on fishing households. A Thai case study. Fisheries Research 161, 64-76.",2015,Asia,Chumphon Archipelago Marine National Park,253.6,Large,16,>10 years,Old,Y,Y,1,tropical - coral reef,Tropical,CI,BACI,Fisheries,Afisheries,Decrease,,
106,Thailand,"Weigel J.Y., Morand P., Mawongwai T., Noel J.F., Tokrishna R. (2015) Assessing economic effects of a marine protected area on fishing households. A Thai case study. Fisheries Research 161, 64-76.",2015,Asia,Chumphon Archipelago Marine National Park,253.6,Large,16,>10 years,Old,Y,Y,1,tropical - coral reef,Tropical,CI,BACI,Fisheries,Afisheries,Increase,,
106,Thailand,"Weigel J.Y., Morand P., Mawongwai T., Noel J.F., Tokrishna R. (2015) Assessing economic effects of a marine protected area on fishing households. A Thai case study. Fisheries Research 161, 64-76.",2015,Asia,Chumphon Archipelago Marine National Park,253.6,Large,16,>10 years,Old,Y,Y,1,tropical - coral reef,Tropical,CI,BACI,Fisheries,Afisheries,,,Increase
108,Philippines,"Yasue M., Kaufman L., Vincent A.C.J. (2010) Assessing ecological changes in and around marine reserves using community perceptions and biological surveys. Aquatic Conservation: Marine and Freshwater Ecosystems 20, 407-418.",2010,Asia,Handumon,0.5,Small,6,<10 years,Medium,N,Y,1,tropical - coral reef,Tropical,P,Perception,Fisheries,Afisheries,,Increase,Increase
109,Mexico,"Cudney-Bueno, R., Bourillón, L., Sáenz-Arroyo, A., Torre-Cosío, J., Turk-Boyer, P., Shaw, W.W., 2009. Governance and effects of marine reserves in the Gulf of California, Mexico. Ocean and Coastal Management 52, 207e218. ",2009,Central America,Loreto Bay National Park,1840,Large,12,>10 years,Old,Y,Y,1,tropical - coral reef,Tropical,BA,BACI,Fisheries,Afisheries,,No change,
109,Mexico,"Cudney-Bueno, R., Bourillón, L., Sáenz-Arroyo, A., Torre-Cosío, J., Turk-Boyer, P., Shaw, W.W., 2009. Governance and effects of marine reserves in the Gulf of California, Mexico. Ocean and Coastal Management 52, 207e218. ",2009,Central America,Puerto Penasco Reserve Network,18,Medium,15,>10 years,Old,N,N,0.5,tropical - coral reef,Tropical,BA,BACI,Fisheries,Afisheries,,Increase,
110,UK,"Mangi SC, Rodwell LD, Hattam C. 2011. Assessing the impacts of establishing MPAs on fishermen and fish merchants: The case of Lyme Bay, UK. Ambio 40:457–468.",2011,Europe,Lyme Bay,206,Large,2,<10 years,Young,Y,N,0,temperate,Temperate,BA,BACI,Fisheries,Cfisheries,,Decrease,Decrease
110,UK,"Mangi SC, Rodwell LD, Hattam C. 2011. Assessing the impacts of establishing MPAs on fishermen and fish merchants: The case of Lyme Bay, UK. Ambio 40:457–468.",2011,Europe,Lyme Bay,206,Large,2,<10 years,Young,Y,N,0,temperate,Temperate,BA,BACI,Fisheries,Cfisheries,,Increase,No change
110,UK,"Mangi SC, Rodwell LD, Hattam C. 2011. Assessing the impacts of establishing MPAs on fishermen and fish merchants: The case of Lyme Bay, UK. Ambio 40:457–468.",2011,Europe,Lyme Bay,206,Large,2,<10 years,Young,Y,N,0,temperate,Temperate,BA,BACI,Fisheries,Cfisheries,,,Decrease
111,Australia,"Sutton, S. G., and R. C. Tobin. 2009. Recreational fishers’ attitudes towards the 2004 rezoning of the Great Barrier Reef Marine Park. Environmental Conservation 36:245-252. http:// dx.doi.org/10.1017/S0376892909990270",2009,Oceania,Great Barrier Reef Marine Park,213769.41,Large,3,<10 years,Young,Y,Y,0.33,tropical - coral reef,Tropical,BA,BACI,Fisheries,Rfisheries,,No change,
112,Indonesia,"Campbell, S.J., Hoey, A.S., Maynard, J., Kartawijaya, T., Cinner, J., Graham, N.A.J., Baird, A.H., 2012. Weak Compliance Undermines the Success of No-Take Zones in a Large Government-Controlled Marine Protected Area. Plos One 7, e50074.",2012,Asia,Karimunjawa National Park,1116.25,Large,4,<10 years,Young,Y,Y,0.01944009,tropical - coral reef,Tropical,BA,BACI,Fisheries,Afisheries,,Increase,
116,Vietnam,"Ngoc, Q.T.K., 2018. Impacts on the ecosystem and human well-being of the marine protected area in Cu Lao Cham, Vietnam. Marine Policy 90, 174-183.",2018,Asia,Cu Lao Cham MPA,52,Medium,10,>10 years,Medium,Y,Y,0.024347826,tropical - coral reef,Tropical,BA,BACI,Fisheries,Afisheries,,,Increase
116,Vietnam,"Ngoc, Q.T.K., 2018. Impacts on the ecosystem and human well-being of the marine protected area in Cu Lao Cham, Vietnam. Marine Policy 90, 174-183.",2018,Asia,Cu Lao Cham MPA,52,Medium,10,>10 years,Medium,Y,Y,0.024347826,tropical - coral reef,Tropical,BA,BACI,Fisheries,Afisheries,Increase,,Increase
116,Vietnam,"Ngoc, Q.T.K., 2018. Impacts on the ecosystem and human well-being of the marine protected area in Cu Lao Cham, Vietnam. Marine Policy 90, 174-183.",2018,Asia,Cu Lao Cham MPA,52,Medium,10,>10 years,Medium,Y,Y,0.024347826,tropical - coral reef,Tropical,BA,BACI,Fisheries,Afisheries,Increase,,Increase
116,Vietnam,"Ngoc, Q.T.K., 2018. Impacts on the ecosystem and human well-being of the marine protected area in Cu Lao Cham, Vietnam. Marine Policy 90, 174-183.",2018,Asia,Cu Lao Cham MPA,52,Medium,10,>10 years,Medium,Y,Y,0.024347826,tropical - coral reef,Tropical,BA,BACI,Fisheries,Afisheries,Increase,,Increase
116,Vietnam,"Ngoc, Q.T.K., 2018. Impacts on the ecosystem and human well-being of the marine protected area in Cu Lao Cham, Vietnam. Marine Policy 90, 174-183.",2018,Asia,Cu Lao Cham MPA,52,Medium,10,>10 years,Medium,Y,Y,0.024347826,tropical - coral reef,Tropical,BA,BACI,Fisheries,Afisheries,No change,,No change
116,Vietnam,"Ngoc, Q.T.K., 2018. Impacts on the ecosystem and human well-being of the marine protected area in Cu Lao Cham, Vietnam. Marine Policy 90, 174-183.",2018,Asia,Cu Lao Cham MPA,52,Medium,10,>10 years,Medium,Y,Y,0.024347826,tropical - coral reef,Tropical,BA,BACI,Fisheries,Afisheries,No change,,No change
116,Vietnam,"Ngoc, Q.T.K., 2018. Impacts on the ecosystem and human well-being of the marine protected area in Cu Lao Cham, Vietnam. Marine Policy 90, 174-183.",2018,Asia,Cu Lao Cham MPA,52,Medium,10,>10 years,Medium,Y,Y,0.024347826,tropical - coral reef,Tropical,BA,BACI,Tourism,Tourism,,,Increase
117,Saint Martin,"Pascal, N., Brathwaite, A., Brander, L., Seidl, A., Philip, M., Clua, E., 2018. Evidence of economic benefits for public investment in MPAs. Ecosystem Services 30, 3-13.",2018,Central America,Saint Martin Natural Reserve,27.96,Medium,6,<10 years,Medium,N,,1,tropical - coral reef,Tropical,CI,BACI,Fisheries,Afisheries,,,Increase
117,Saint Martin,"Pascal, N., Brathwaite, A., Brander, L., Seidl, A., Philip, M., Clua, E., 2018. Evidence of economic benefits for public investment in MPAs. Ecosystem Services 30, 3-13.",2018,Central America,Saint Martin Natural Reserve,27.96,Medium,6,<10 years,Medium,N,,1,tropical - coral reef,Tropical,CI,BACI,Tourism,Ctourism,,,Increase
117,Vanuatu,"Pascal, N., Brathwaite, A., Brander, L., Seidl, A., Philip, M., Clua, E., 2018. Evidence of economic benefits for public investment in MPAs. Ecosystem Services 30, 3-13.",2018,Asia,5 MPAs,0.152,Small,6,<10 years,Medium,Y,,0.5,tropical - coral reef,Tropical,CI,BACI,Fisheries,Afisheries,,,Increase
117,Vanuatu,"Pascal, N., Brathwaite, A., Brander, L., Seidl, A., Philip, M., Clua, E., 2018. Evidence of economic benefits for public investment in MPAs. Ecosystem Services 30, 3-13.",2018,Asia,5 MPAs,0.152,Small,6,<10 years,Medium,Y,,0.5,tropical - coral reef,Tropical,CI,BACI,Tourism,Ctourism,,,Increase
118,South Africa,"Sowman, M., Sunde, J., 2018. Social impacts of marine protected areas in South Africa on coastal fishing communities. Ocean & Coastal Management 157, 168-179.",2018,Africa,5 MPAs,475,Large,17,>10 years,Old,N,,1,temperate,Temperate,P,Perception,Coastal community,Coastal community,,,Decrease
119,Japan,"Tsurita, I., Hori, J., Kunieda, T., Hori, M., Makino, M., 2018. Marine protected areas, Satoumi, and territorial use rights for fisheries: A case study from hinase, Japan. Marine Policy 91, 41-48.",2018,Asia,Hinase,,,3,<10 years,Young,Y,,0,temperate,Temperate,P,Perception,Coastal community,Coastal community,,,Increase
120,Egypt," Galal, N., R. F. G. Ormond, and O. Hassan. 2002. Effect of a network of no-take reserves in increasing catch per unit effort and stocks of exploited reef fish at Nabq, South Sinai, Egypt. Marine and Freshwater Research 53:199-205.",,,Nabq Managed Resource Protected Area,,,19,>10 years,Old,Y,Y,0.5,,Temperate,BA,BACI,Fisheries,,Increase,,
120,Egypt," Galal, N., R. F. G. Ormond, and O. Hassan. 2002. Effect of a network of no-take reserves in increasing catch per unit effort and stocks of exploited reef fish at Nabq, South Sinai, Egypt. Marine and Freshwater Research 53:199-205.",,,Nabq Managed Resource Protected Area,,,19,>10 years,Old,Y,Y,0.5,,Temperate,BA,BACI,Fisheries,,Decrease,,
120,Egypt," Galal, N., R. F. G. Ormond, and O. Hassan. 2002. Effect of a network of no-take reserves in increasing catch per unit effort and stocks of exploited reef fish at Nabq, South Sinai, Egypt. Marine and Freshwater Research 53:199-205.",,,Nabq Managed Resource Protected Area,,,19,>10 years,Old,Y,Y,0.5,,Temperate,BA,BACI,Fisheries,,Increase,,
120,Egypt," Galal, N., R. F. G. Ormond, and O. Hassan. 2002. Effect of a network of no-take reserves in increasing catch per unit effort and stocks of exploited reef fish at Nabq, South Sinai, Egypt. Marine and Freshwater Research 53:199-205.",,,Nabq Managed Resource Protected Area,,,19,>10 years,Old,Y,Y,0.5,,Temperate,BA,BACI,Fisheries,,Increase,,
120,Egypt," Galal, N., R. F. G. Ormond, and O. Hassan. 2002. Effect of a network of no-take reserves in increasing catch per unit effort and stocks of exploited reef fish at Nabq, South Sinai, Egypt. Marine and Freshwater Research 53:199-205.",,,Nabq Managed Resource Protected Area,,,19,>10 years,Old,Y,Y,0.5,,Temperate,BA,BACI,Fisheries,,Increase,,
120,Egypt," Galal, N., R. F. G. Ormond, and O. Hassan. 2002. Effect of a network of no-take reserves in increasing catch per unit effort and stocks of exploited reef fish at Nabq, South Sinai, Egypt. Marine and Freshwater Research 53:199-205.",,,Nabq Managed Resource Protected Area,,,19,>10 years,Old,Y,Y,0.5,,Temperate,BA,BACI,Fisheries,,Increase,,
120,Egypt," Galal, N., R. F. G. Ormond, and O. Hassan. 2002. Effect of a network of no-take reserves in increasing catch per unit effort and stocks of exploited reef fish at Nabq, South Sinai, Egypt. Marine and Freshwater Research 53:199-205.",,,Nabq Managed Resource Protected Area,,,19,>10 years,Old,Y,Y,0.5,,Temperate,BA,BACI,Fisheries,,Increase,,
120,Egypt," Galal, N., R. F. G. Ormond, and O. Hassan. 2002. Effect of a network of no-take reserves in increasing catch per unit effort and stocks of exploited reef fish at Nabq, South Sinai, Egypt. Marine and Freshwater Research 53:199-205.",,,Nabq Managed Resource Protected Area,,,19,>10 years,Old,Y,Y,0.5,,Temperate,BA,BACI,Fisheries,,Increase,,
120,Egypt," Galal, N., R. F. G. Ormond, and O. Hassan. 2002. Effect of a network of no-take reserves in increasing catch per unit effort and stocks of exploited reef fish at Nabq, South Sinai, Egypt. Marine and Freshwater Research 53:199-205.",,,Nabq Managed Resource Protected Area,,,19,>10 years,Old,Y,Y,0.5,,Temperate,BA,BACI,Fisheries,,Increase,,
120,Egypt," Galal, N., R. F. G. Ormond, and O. Hassan. 2002. Effect of a network of no-take reserves in increasing catch per unit effort and stocks of exploited reef fish at Nabq, South Sinai, Egypt. Marine and Freshwater Research 53:199-205.",,,Nabq Managed Resource Protected Area,,,19,>10 years,Old,Y,Y,0.5,,Temperate,BA,BACI,Fisheries,,Decrease,,
121,St. Lucia,"Goodridge, R., H. A. Oxenford, B. G. Hatcher, and F. Narcisse. 1996. Changes in the shallow reef fishery associated with implementation of a system of fishing priority and marine reserve areas in Soufriere, St. Lucia. Pages 316-339 in Proceedings of the 49th Annual Gulf and Caribbean Fisheries Institute, Christ Church, Barbados, November, 1996. Gulf and Caribbean Fisheries Institute, Ft. Pierce, Florida.",,,Sourfriere Marine Management Area,,,1,<10 years,Young,Y,Y,0.5,,Tropical,BA,BACI,Fisheries,,No change,,
121,St. Lucia,"Goodridge, R., H. A. Oxenford, B. G. Hatcher, and F. Narcisse. 1996. Changes in the shallow reef fishery associated with implementation of a system of fishing priority and marine reserve areas in Soufriere, St. Lucia. Pages 316-339 in Proceedings of the 49th Annual Gulf and Caribbean Fisheries Institute, Christ Church, Barbados, November, 1996. Gulf and Caribbean Fisheries Institute, Ft. Pierce, Florida.",,,Sourfriere Marine Management Area,,,1,<10 years,Young,Y,Y,0.5,,Tropical,BA,BACI,Fisheries,,Decrease,,
121,St. Lucia,"Goodridge, R., H. A. Oxenford, B. G. Hatcher, and F. Narcisse. 1996. Changes in the shallow reef fishery associated with implementation of a system of fishing priority and marine reserve areas in Soufriere, St. Lucia. Pages 316-339 in Proceedings of the 49th Annual Gulf and Caribbean Fisheries Institute, Christ Church, Barbados, November, 1996. Gulf and Caribbean Fisheries Institute, Ft. Pierce, Florida.",,,Sourfriere Marine Management Area,,,1,<10 years,Young,Y,Y,0.5,,Tropical,BA,BACI,Fisheries,,Increase,,